{
  "hash": "9afa6915",
  "configHash": "06083781",
  "lockfileHash": "a7e129f8",
  "browserHash": "e389096a",
  "optimized": {
    "@angular/core": {
      "src": "../../../../../../node_modules/@angular/core/fesm2022/core.mjs",
      "file": "@angular_core.js",
      "fileHash": "f21943e5",
      "needsInterop": false
    },
    "@angular/platform-browser": {
      "src": "../../../../../../node_modules/@angular/platform-browser/fesm2022/platform-browser.mjs",
      "file": "@angular_platform-browser.js",
      "fileHash": "250a0811",
      "needsInterop": false
    },
    "@angular/router": {
      "src": "../../../../../../node_modules/@angular/router/fesm2022/router.mjs",
      "file": "@angular_router.js",
      "fileHash": "c21a4751",
      "needsInterop": false
    },
    "@angular/common": {
      "src": "../../../../../../node_modules/@angular/common/fesm2022/common.mjs",
      "file": "@angular_common.js",
      "fileHash": "34524fac",
      "needsInterop": false
    },
    "tslib": {
      "src": "../../../../../../node_modules/tslib/tslib.es6.mjs",
      "file": "tslib.js",
      "fileHash": "0b723890",
      "needsInterop": false
    }
  },
  "chunks": {
    "chunk-PRVNLDRD": {
      "file": "chunk-PRVNLDRD.js"
    },
    "chunk-6B3I4G7G": {
      "file": "chunk-6B3I4G7G.js"
    },
    "chunk-QDCB2CNY": {
      "file": "chunk-QDCB2CNY.js"
    },
    "chunk-EPAV4CNQ": {
      "file": "chunk-EPAV4CNQ.js"
    }
  }
}