{
  "hash": "cbfc85d5",
  "configHash": "82dc3b82",
  "lockfileHash": "66a1c6ad",
  "browserHash": "60209f23",
  "optimized": {
    "@angular/common": {
      "src": "../../../../../../node_modules/@angular/common/fesm2022/common.mjs",
      "file": "@angular_common.js",
      "fileHash": "427b2b23",
      "needsInterop": false
    },
    "@angular/core": {
      "src": "../../../../../../node_modules/@angular/core/fesm2022/core.mjs",
      "file": "@angular_core.js",
      "fileHash": "d6bae2d9",
      "needsInterop": false
    },
    "@angular/platform-browser": {
      "src": "../../../../../../node_modules/@angular/platform-browser/fesm2022/platform-browser.mjs",
      "file": "@angular_platform-browser.js",
      "fileHash": "3d3e08cb",
      "needsInterop": false
    },
    "@angular/router": {
      "src": "../../../../../../node_modules/@angular/router/fesm2022/router.mjs",
      "file": "@angular_router.js",
      "fileHash": "2585fe4d",
      "needsInterop": false
    },
    "html2pdf.js": {
      "src": "../../../../../../node_modules/html2pdf.js/dist/html2pdf.js",
      "file": "html2pdf__js.js",
      "fileHash": "830c9646",
      "needsInterop": true
    },
    "tslib": {
      "src": "../../../../../../node_modules/tslib/tslib.es6.mjs",
      "file": "tslib.js",
      "fileHash": "a62598fe",
      "needsInterop": false
    }
  },
  "chunks": {
    "index.es-KIYJFYWC": {
      "file": "index__es-KIYJFYWC.js"
    },
    "chunk-AURWQH4X": {
      "file": "chunk-AURWQH4X.js"
    },
    "chunk-6SACJMQN": {
      "file": "chunk-6SACJMQN.js"
    },
    "chunk-PNGFZJMY": {
      "file": "chunk-PNGFZJMY.js"
    },
    "chunk-6PNDDV2L": {
      "file": "chunk-6PNDDV2L.js"
    },
    "chunk-HM5YLMWO": {
      "file": "chunk-HM5YLMWO.js"
    },
    "html2canvas.esm-QAYSS437": {
      "file": "html2canvas__esm-QAYSS437.js"
    },
    "purify.es-LSV6R2YB": {
      "file": "purify__es-LSV6R2YB.js"
    },
    "chunk-S35DAJRX": {
      "file": "chunk-S35DAJRX.js"
    }
  }
}