{
  "hash": "30e9ffef",
  "configHash": "3bc0cfef",
  "lockfileHash": "a7e129f8",
  "browserHash": "d2b9895e",
  "optimized": {
    "@angular/common": {
      "src": "../../../../../../node_modules/@angular/common/fesm2022/common.mjs",
      "file": "@angular_common.js",
      "fileHash": "4f5199e4",
      "needsInterop": false
    },
    "@angular/core": {
      "src": "../../../../../../node_modules/@angular/core/fesm2022/core.mjs",
      "file": "@angular_core.js",
      "fileHash": "95b940de",
      "needsInterop": false
    },
    "@angular/platform-browser": {
      "src": "../../../../../../node_modules/@angular/platform-browser/fesm2022/platform-browser.mjs",
      "file": "@angular_platform-browser.js",
      "fileHash": "3aff5098",
      "needsInterop": false
    },
    "@angular/router": {
      "src": "../../../../../../node_modules/@angular/router/fesm2022/router.mjs",
      "file": "@angular_router.js",
      "fileHash": "b662b626",
      "needsInterop": false
    }
  },
  "chunks": {
    "chunk-TYUE276M": {
      "file": "chunk-TYUE276M.js"
    },
    "chunk-Z2KYW2RI": {
      "file": "chunk-Z2KYW2RI.js"
    },
    "chunk-FWG627IE": {
      "file": "chunk-FWG627IE.js"
    }
  }
}